Date,Predicted_Temperature
2100-01-01,267.9921653058632
2100-01-02,267.9921653058632
2100-01-03,267.9921653058632
2100-01-04,267.9921653058632
2100-01-05,267.9921653058632
2100-01-06,267.9921653058632
2100-01-07,267.9921653058632
2100-01-08,267.9921653058632
2100-01-09,267.9921653058632
2100-01-10,267.9921653058632
2100-01-11,267.9921653058632
2100-01-12,267.9921653058632
2100-01-13,267.9921653058632
2100-01-14,267.9921653058632
2100-01-15,267.9921653058632
2100-01-16,267.9921653058632
2100-01-17,267.9921653058632
2100-01-18,267.9921653058632
2100-01-19,267.9921653058632
2100-01-20,267.9921653058632
2100-01-21,267.9921653058632
2100-01-22,267.9921653058632
2100-01-23,267.9921653058632
2100-01-24,267.9921653058632
2100-01-25,267.9921653058632
2100-01-26,267.9921653058632
2100-01-27,267.9921653058632
2100-01-28,267.9921653058632
2100-01-29,267.9921653058632
2100-01-30,267.9921653058632
2100-01-31,267.9921653058632
2100-02-01,267.9921653058632
2100-02-02,267.9921653058632
2100-02-03,267.9921653058632
2100-02-04,267.9921653058632
2100-02-05,267.9921653058632
2100-02-06,267.9921653058632
2100-02-07,267.9921653058632
2100-02-08,267.9921653058632
2100-02-09,267.9921653058632
2100-02-10,267.9921653058632
2100-02-11,267.9921653058632
2100-02-12,267.9921653058632
2100-02-13,267.9921653058632
2100-02-14,267.9921653058632
2100-02-15,267.9921653058632
2100-02-16,267.9921653058632
2100-02-17,267.9921653058632
2100-02-18,267.9921653058632
2100-02-19,267.9921653058632
2100-02-20,267.9921653058632
2100-02-21,267.9921653058632
2100-02-22,267.9921653058632
2100-02-23,267.9921653058632
2100-02-24,267.9921653058632
2100-02-25,267.9921653058632
2100-02-26,267.9921653058632
2100-02-27,267.9921653058632
2100-02-28,267.9921653058632
2100-03-01,279.352323981408
2100-03-02,279.352323981408
2100-03-03,279.352323981408
2100-03-04,279.352323981408
2100-03-05,279.352323981408
2100-03-06,279.352323981408
2100-03-07,279.352323981408
2100-03-08,279.352323981408
2100-03-09,279.352323981408
2100-03-10,279.352323981408
2100-03-11,279.352323981408
2100-03-12,279.352323981408
2100-03-13,279.352323981408
2100-03-14,279.352323981408
2100-03-15,279.352323981408
2100-03-16,279.352323981408
2100-03-17,279.352323981408
2100-03-18,279.352323981408
2100-03-19,279.352323981408
2100-03-20,279.352323981408
2100-03-21,279.352323981408
2100-03-22,279.352323981408
2100-03-23,279.352323981408
2100-03-24,279.352323981408
2100-03-25,279.352323981408
2100-03-26,279.352323981408
2100-03-27,279.352323981408
2100-03-28,279.352323981408
2100-03-29,279.352323981408
2100-03-30,279.352323981408
2100-03-31,279.352323981408
2100-04-01,279.352323981408
2100-04-02,279.352323981408
2100-04-03,279.352323981408
2100-04-04,279.352323981408
2100-04-05,279.352323981408
2100-04-06,279.352323981408
2100-04-07,279.352323981408
2100-04-08,279.352323981408
2100-04-09,279.352323981408
2100-04-10,279.352323981408
2100-04-11,279.352323981408
2100-04-12,279.352323981408
2100-04-13,279.352323981408
2100-04-14,279.352323981408
2100-04-15,279.352323981408
2100-04-16,279.352323981408
2100-04-17,279.352323981408
2100-04-18,279.352323981408
2100-04-19,279.352323981408
2100-04-20,279.352323981408
2100-04-21,279.352323981408
2100-04-22,279.352323981408
2100-04-23,279.352323981408
2100-04-24,279.352323981408
2100-04-25,279.352323981408
2100-04-26,279.352323981408
2100-04-27,279.352323981408
2100-04-28,279.352323981408
2100-04-29,279.352323981408
2100-04-30,279.352323981408
2100-05-01,279.352323981408
2100-05-02,279.352323981408
2100-05-03,279.352323981408
2100-05-04,279.352323981408
2100-05-05,279.352323981408
2100-05-06,279.352323981408
2100-05-07,279.352323981408
2100-05-08,279.352323981408
2100-05-09,279.352323981408
2100-05-10,279.352323981408
2100-05-11,279.352323981408
2100-05-12,279.352323981408
2100-05-13,279.352323981408
2100-05-14,279.352323981408
2100-05-15,279.352323981408
2100-05-16,279.352323981408
2100-05-17,279.352323981408
2100-05-18,279.352323981408
2100-05-19,279.352323981408
2100-05-20,279.352323981408
2100-05-21,279.352323981408
2100-05-22,279.352323981408
2100-05-23,279.352323981408
2100-05-24,279.352323981408
2100-05-25,279.352323981408
2100-05-26,279.352323981408
2100-05-27,279.352323981408
2100-05-28,279.352323981408
2100-05-29,279.352323981408
2100-05-30,279.352323981408
2100-05-31,279.352323981408
2100-06-01,279.42468969244015
2100-06-02,279.42468969244015
2100-06-03,279.42468969244015
2100-06-04,279.42468969244015
2100-06-05,279.42468969244015
2100-06-06,279.42468969244015
2100-06-07,279.42468969244015
2100-06-08,279.42468969244015
2100-06-09,279.42468969244015
2100-06-10,279.42468969244015
2100-06-11,279.42468969244015
2100-06-12,279.42468969244015
2100-06-13,279.42468969244015
2100-06-14,279.42468969244015
2100-06-15,279.42468969244015
2100-06-16,279.42468969244015
2100-06-17,279.42468969244015
2100-06-18,279.42468969244015
2100-06-19,279.42468969244015
2100-06-20,279.42468969244015
2100-06-21,279.42468969244015
2100-06-22,279.42468969244015
2100-06-23,279.42468969244015
2100-06-24,279.42468969244015
2100-06-25,279.42468969244015
2100-06-26,279.42468969244015
2100-06-27,279.42468969244015
2100-06-28,279.42468969244015
2100-06-29,279.42468969244015
2100-06-30,279.42468969244015
2100-07-01,279.42468969244015
2100-07-02,279.42468969244015
2100-07-03,279.42468969244015
2100-07-04,279.42468969244015
2100-07-05,279.42468969244015
2100-07-06,279.42468969244015
2100-07-07,279.42468969244015
2100-07-08,279.42468969244015
2100-07-09,279.42468969244015
2100-07-10,279.42468969244015
2100-07-11,279.42468969244015
2100-07-12,279.42468969244015
2100-07-13,279.42468969244015
2100-07-14,279.42468969244015
2100-07-15,279.42468969244015
2100-07-16,279.42468969244015
2100-07-17,279.42468969244015
2100-07-18,279.42468969244015
2100-07-19,279.42468969244015
2100-07-20,279.42468969244015
2100-07-21,279.42468969244015
2100-07-22,279.42468969244015
2100-07-23,279.42468969244015
2100-07-24,279.42468969244015
2100-07-25,279.42468969244015
2100-07-26,279.42468969244015
2100-07-27,279.42468969244015
2100-07-28,279.42468969244015
2100-07-29,279.42468969244015
2100-07-30,279.42468969244015
2100-07-31,279.42468969244015
2100-08-01,279.42468969244015
2100-08-02,279.42468969244015
2100-08-03,279.42468969244015
2100-08-04,279.42468969244015
2100-08-05,279.42468969244015
2100-08-06,279.42468969244015
2100-08-07,279.42468969244015
2100-08-08,279.42468969244015
2100-08-09,279.42468969244015
2100-08-10,279.42468969244015
2100-08-11,279.42468969244015
2100-08-12,279.42468969244015
2100-08-13,279.42468969244015
2100-08-14,279.42468969244015
2100-08-15,279.42468969244015
2100-08-16,279.42468969244015
2100-08-17,279.42468969244015
2100-08-18,279.42468969244015
2100-08-19,279.42468969244015
2100-08-20,279.42468969244015
2100-08-21,279.42468969244015
2100-08-22,279.42468969244015
2100-08-23,279.42468969244015
2100-08-24,279.42468969244015
2100-08-25,279.42468969244015
2100-08-26,279.42468969244015
2100-08-27,279.42468969244015
2100-08-28,279.42468969244015
2100-08-29,279.42468969244015
2100-08-30,279.42468969244015
2100-08-31,279.42468969244015
2100-09-01,279.32977823974255
2100-09-02,279.32977823974255
2100-09-03,279.32977823974255
2100-09-04,279.32977823974255
2100-09-05,279.32977823974255
2100-09-06,279.32977823974255
2100-09-07,279.32977823974255
2100-09-08,279.32977823974255
2100-09-09,279.32977823974255
2100-09-10,279.32977823974255
2100-09-11,279.32977823974255
2100-09-12,279.32977823974255
2100-09-13,279.32977823974255
2100-09-14,279.32977823974255
2100-09-15,279.32977823974255
2100-09-16,279.32977823974255
2100-09-17,279.32977823974255
2100-09-18,279.32977823974255
2100-09-19,279.32977823974255
2100-09-20,279.32977823974255
2100-09-21,279.32977823974255
2100-09-22,279.32977823974255
2100-09-23,279.32977823974255
2100-09-24,279.32977823974255
2100-09-25,279.32977823974255
2100-09-26,279.32977823974255
2100-09-27,279.32977823974255
2100-09-28,279.32977823974255
2100-09-29,279.32977823974255
2100-09-30,279.32977823974255
2100-10-01,279.32977823974255
2100-10-02,279.32977823974255
2100-10-03,279.32977823974255
2100-10-04,279.32977823974255
2100-10-05,279.32977823974255
2100-10-06,279.32977823974255
2100-10-07,279.32977823974255
2100-10-08,279.32977823974255
2100-10-09,279.32977823974255
2100-10-10,279.32977823974255
2100-10-11,279.32977823974255
2100-10-12,279.32977823974255
2100-10-13,279.32977823974255
2100-10-14,279.32977823974255
2100-10-15,279.32977823974255
2100-10-16,279.32977823974255
2100-10-17,279.32977823974255
2100-10-18,279.32977823974255
2100-10-19,279.32977823974255
2100-10-20,279.32977823974255
2100-10-21,279.32977823974255
2100-10-22,279.32977823974255
2100-10-23,279.32977823974255
2100-10-24,279.32977823974255
2100-10-25,279.32977823974255
2100-10-26,279.32977823974255
2100-10-27,279.32977823974255
2100-10-28,279.32977823974255
2100-10-29,279.32977823974255
2100-10-30,279.32977823974255
2100-10-31,279.32977823974255
2100-11-01,279.32977823974255
2100-11-02,279.32977823974255
2100-11-03,279.32977823974255
2100-11-04,279.32977823974255
2100-11-05,279.32977823974255
2100-11-06,279.32977823974255
2100-11-07,279.32977823974255
2100-11-08,279.32977823974255
2100-11-09,279.32977823974255
2100-11-10,279.32977823974255
2100-11-11,279.32977823974255
2100-11-12,279.32977823974255
2100-11-13,279.32977823974255
2100-11-14,279.32977823974255
2100-11-15,279.32977823974255
2100-11-16,279.32977823974255
2100-11-17,279.32977823974255
2100-11-18,279.32977823974255
2100-11-19,279.32977823974255
2100-11-20,279.32977823974255
2100-11-21,279.32977823974255
2100-11-22,279.32977823974255
2100-11-23,279.32977823974255
2100-11-24,279.32977823974255
2100-11-25,279.32977823974255
2100-11-26,279.32977823974255
2100-11-27,279.32977823974255
2100-11-28,279.32977823974255
2100-11-29,279.32977823974255
2100-11-30,279.32977823974255
2100-12-01,267.9921653058632
2100-12-02,267.9921653058632
2100-12-03,267.9921653058632
2100-12-04,267.9921653058632
2100-12-05,267.9921653058632
2100-12-06,267.9921653058632
2100-12-07,267.9921653058632
2100-12-08,267.9921653058632
2100-12-09,267.9921653058632
2100-12-10,267.9921653058632
2100-12-11,267.9921653058632
2100-12-12,267.9921653058632
2100-12-13,267.9921653058632
2100-12-14,267.9921653058632
2100-12-15,267.9921653058632
2100-12-16,267.9921653058632
2100-12-17,267.9921653058632
2100-12-18,267.9921653058632
2100-12-19,267.9921653058632
2100-12-20,267.9921653058632
2100-12-21,267.9921653058632
2100-12-22,267.9921653058632
2100-12-23,267.9921653058632
2100-12-24,267.9921653058632
2100-12-25,267.9921653058632
2100-12-26,267.9921653058632
2100-12-27,267.9921653058632
2100-12-28,267.9921653058632
2100-12-29,267.9921653058632
2100-12-30,267.9921653058632
2100-12-31,267.9921653058632
