Year;Month;Average_Temperature (Â°C);Precipitation (mm);;;
1991;1;6.6288147;2.8168716;;-1.200731178;4.191816461
1991;1;6.5643616;2.8031626;;-14.143646;0.36775228
1991;1;6.4410706;2.6933708;;11.09903;15.525721
1991;1;5.8700256;2.7228155;;;
1991;1;5.384186;3.2820263;;;
1991;1;5.308258;3.3161201;;;
1991;1;5.0489807;3.6912718;;;
1991;1;4.5065002;2.6560583;;;
1991;1;4.466461;3.7382402;;;
1991;1;3.2955627;3.0169048;;;
1991;1;3.085846;3.5190144;;;
1991;1;2.8900452;3.4791985;;;
1991;1;2.0785217;4.091338;;;
1991;1;1.870758;4.6200314;;;
1991;1;1.7713928;4.5734205;;;
1991;1;1.4501038;3.502921;;;
1991;1;1.386383;4.3068686;;;
1991;1;0.63809204;3.7929573;;;
1991;1;-0.77230835;3.8553038;;;
1991;1;-1.486908;4.7978916;;;
1991;1;-1.7290955;4.028157;;;
1991;1;-2.0940857;5.323724;;;
1991;1;-2.5506287;5.2218;;;
1991;1;-2.554535;5.5850306;;;
1991;1;-2.9224548;5.4653444;;;
1991;1;-3.2989197;4.318551;;;
1991;1;-3.4353943;3.191904;;;
1991;1;-4.8387146;2.8019705;;;
1991;1;-4.8470154;4.924611;;;
1991;1;-5.700531;4.9851694;;;
1991;1;-5.882904;0.60565865;;;
1991;1;-6.105072;5.1817455;;;
1991;1;-6.1634216;5.2527943;;;
1991;1;-6.2137146;4.2019644;;;
1991;1;-6.2930603;5.3537645;;;
1991;1;-6.332611;1.1829892;;;
1991;1;-6.43808;2.381281;;;
1991;1;-7.31015;4.2209187;;;
1991;1;-7.8872986;2.0727673;;;
1991;1;-7.934662;4.093007;;;
1991;1;-8.071869;1.1906186;;;
1991;1;-8.086761;3.8505354;;;
1991;1;-8.086761;3.0576744;;;
1991;1;-8.104095;3.5072126;;;
1991;1;-9.0660095;2.9547968;;;
1991;1;-9.180511;2.2916355;;;
1991;1;-9.192963;1.8548528;;;
1991;1;-9.299408;1.5408555;;;
1991;1;-9.348724;2.7044573;;;
1992;1;2.8399963;3.515186;;;
1992;1;2.6896057;3.8505218;;;
1992;1;2.5006409;4.0932317;;;
1992;1;1.7208557;4.4662375;;;
1992;1;1.5226135;4.2963643;;;
1992;1;1.3507385;4.6467204;;;
1992;1;0.9977112;4.980745;;;
1992;1;0.28359985;5.072059;;;
1992;1;0.19522095;5.375089;;;
1992;1;-0.24545288;5.8013816;;;
1992;1;-1.0325623;5.4978747;;;
1992;1;-1.297699;6.491961;;;
1992;1;-1.3018494;5.7330747;;;
1992;1;-1.8511658;6.0017724;;;
1992;1;-1.9515076;6.2357802;;;
1992;1;-2.0450134;6.1174054;;;
1992;1;-2.2176208;6.316008;;;
1992;1;-2.6307068;6.2319655;;;
1992;1;-3.5645447;5.8633704;;;
1992;1;-4.245453;6.659927;;;
1992;1;-4.8260193;6.6732783;;;
1992;1;-5.2115173;7.011952;;;
1992;1;-5.482025;7.2054286;;;
1992;1;-5.7098083;5.85741;;;
1992;1;-5.8228455;5.311789;;;
1992;1;-6.018402;7.442655;;;
1992;1;-6.224945;7.479133;;;
1992;1;-7.104828;4.5549293;;;
1992;1;-7.752533;6.718101;;;
1992;1;-8.397797;6.85698;;;
1992;1;-8.513275;6.4392705;;;
1992;1;-8.622894;5.4323096;;;
1992;1;-8.715912;6.8802257;;;
1992;1;-8.761566;6.7388434;;;
1992;1;-8.960541;3.8407466;;;
1992;1;-9.123871;2.599182;;;
1992;1;-9.34848;1.6170166;;;
1992;1;-10.092621;5.6394954;;;
1992;1;-10.355804;3.5359285;;;
1992;1;-10.422455;4.612388;;;
1992;1;-10.519379;5.1873345;;;
1992;1;-10.625824;5.6640525;;;
1992;1;-10.698334;5.503835;;;
1992;1;-11.07309;2.2692106;;;
1992;1;-11.846283;3.526511;;;
1992;1;-11.863617;3.157439;;;
1992;1;-11.901215;4.0048976;;;
1992;1;-11.917084;2.7135036;;;
1992;1;-12.108734;3.8525484;;;
1993;1;5.2357483;2.8279428;;;
1993;1;4.994293;3.1451588;;;
1993;1;4.7728577;3.0989652;;;
1993;1;4.099762;3.328741;;;
1993;1;4.0343323;2.6270156;;;
1993;1;3.771881;2.9911404;;;
1993;1;3.340973;3.4142737;;;
1993;1;2.7191467;4.057825;;;
1993;1;2.652008;3.7070518;;;
1993;1;1.7962952;3.0838256;;;
1993;1;1.7674866;4.4385796;;;
1993;1;1.1595764;4.3126945;;;
1993;1;0.83462524;3.4756665;;;
1993;1;0.3710022;3.915072;;;
1993;1;0.32803345;4.088879;;;
1993;1;0.30532837;4.779101;;;
1993;1;-0.041107178;3.9757495;;;
1993;1;-0.6985779;4.672051;;;
1993;1;-1.8916931;3.9389734;;;
1993;1;-2.3753357;4.4401293;;;
1993;1;-2.7845154;5.086959;;;
1993;1;-3.2293396;4.56816;;;
1993;1;-3.3008728;4.747451;;;
1993;1;-3.4527283;4.879356;;;
1993;1;-3.6685486;4.844189;;;
1993;1;-4.328705;4.170001;;;
1993;1;-4.4356384;3.938437;;;
1993;1;-5.1539;4.7340994;;;
1993;1;-5.6648865;4.6490436;;;
1993;1;-5.7705994;3.4307246;;;
1993;1;-6.0586853;4.6547656;;;
1993;1;-6.5623474;4.6802764;;;
1993;1;-7.0052185;4.656077;;;
1993;1;-7.395355;3.9916043;;;
1993;1;-7.7535095;2.841354;;;
1993;1;-7.886322;1.8472676;;;
1993;1;-8.00473;1.2709503;;;
1993;1;-8.145355;4.3234234;;;
1993;1;-8.617523;4.1784053;;;
1993;1;-8.774994;3.9127474;;;
1993;1;-8.933685;3.566504;;;
1993;1;-8.976166;3.151596;;;
1993;1;-9.00058;2.424777;;;
1993;1;-9.520355;1.6075377;;;
1993;1;-10.056;3.2044654;;;
1993;1;-10.269379;1.7911797;;;
1993;1;-10.308685;2.433837;;;
1993;1;-10.320892;2.1196609;;;
1993;1;-10.37265;2.8740768;;;
1994;1;9.132233;3.8099878;;;
1994;1;8.989166;3.9675822;;;
1994;1;8.79776;4.1790595;;;
1994;1;8.166901;4.638492;;;
1994;1;8.068268;4.3739667;;;
1994;1;7.92276;4.5517077;;;
1994;1;7.71817;5.0027957;;;
1994;1;7.0677795;5.479275;;;
1994;1;6.863678;5.6189885;;;
1994;1;6.0189514;4.881679;;;
1994;1;5.9427795;6.047665;;;
1994;1;5.5033264;6.065785;;;
1994;1;5.3993225;5.131065;;;
1994;1;5.207428;5.641042;;;
1994;1;5.2015686;5.90223;;;
1994;1;4.5628967;5.8404794;;;
1994;1;4.5555725;6.0638776;;;
1994;1;3.5560608;6.1749806;;;
1994;1;2.3954163;5.6355586;;;
1994;1;2.233307;5.9435954;;;
1994;1;1.841217;6.062924;;;
1994;1;1.8036194;6.176888;;;
1994;1;1.5819397;6.031214;;;
1994;1;1.5311584;6.0443273;;;
1994;1;1.4955139;6.225406;;;
1994;1;0.1859436;5.63079;;;
1994;1;-0.31600952;5.3581586;;;
1994;1;-1.2232361;5.688726;;;
1994;1;-1.5313416;4.685818;;;
1994;1;-1.7569275;5.6233993;;;
1994;1;-1.7657166;5.5688014;;;
1994;1;-1.7666931;5.6046834;;;
1994;1;-2.2691345;5.6304326;;;
1994;1;-2.4805603;1.2890689;;;
1994;1;-2.9356384;5.15896;;;
1994;1;-3.4200134;2.347409;;;
1994;1;-3.4795837;3.9920201;;;
1994;1;-4.417572;1.872956;;;
1994;1;-4.607025;4.970609;;;
1994;1;-4.7686462;3.1662576;;;
1994;1;-4.910248;3.935515;;;
1994;1;-5.0430603;4.9002757;;;
1994;1;-5.061615;4.657685;;;
1994;1;-5.119232;4.335939;;;
1994;1;-6.1592712;2.2925727;;;
1994;1;-6.552826;2.6853673;;;
1994;1;-6.697357;3.801047;;;
1994;1;-6.754486;3.0462139;;;
1994;1;-6.981537;3.4953945;;;
1995;1;8.155426;1.5650531;;;
1995;1;8.071442;1.8317839;;;
1995;1;7.8561096;1.8853089;;;
1995;1;7.21817;2.1407745;;;
1995;1;7.0536194;1.7098328;;;
1995;1;6.9632874;2.0155451;;;
1995;1;6.704254;2.4608514;;;
1995;1;6.077057;2.7554176;;;
1995;1;5.9794006;2.5627754;;;
1995;1;4.931305;3.0518315;;;
1995;1;4.909088;2.204015;;;
1995;1;4.5204163;3.1338475;;;
1995;1;3.933014;2.4176977;;;
1995;1;3.7882385;3.3117077;;;
1995;1;3.6612854;2.897992;;;
1995;1;3.3292542;3.5591862;;;
1995;1;3.278717;3.6880515;;;
1995;1;2.2152405;3.5511992;;;
1995;1;1.0226135;3.4220955;;;
1995;1;0.96328735;3.365948;;;
1995;1;0.3282776;4.108383;;;
1995;1;0.10244751;3.8659713;;;
1995;1;-0.09213257;3.4085653;;;
1995;1;-0.1458435;3.7498615;;;
1995;1;-0.46224976;3.4271023;;;
1995;1;-0.9222107;3.3673189;;;
1995;1;-1.4649353;2.9302976;;;
1995;1;-2.0464783;3.1452916;;;
1995;1;-2.316986;3.0548117;;;
1995;1;-2.4639587;2.3321054;;;
1995;1;-2.4815369;0.495567;;;
1995;1;-2.5447693;3.0435464;;;
1995;1;-2.880951;3.1861207;;;
1995;1;-3.0594177;3.2465003;;;
1995;1;-3.4622498;2.7255557;;;
1995;1;-3.4634705;0.91476643;;;
1995;1;-4.051361;1.7632982;;;
1995;1;-4.6421814;0.6781956;;;
1995;1;-4.9639587;1.2789508;;;
1995;1;-4.9913025;2.359285;;;
1995;1;-5.07016;1.8024584;;;
1995;1;-5.1473083;2.0218036;;;
1995;1;-5.2710876;2.1910212;;;
1995;1;-5.3108826;2.3154757;;;
1995;1;-6.4324646;0.7760068;;;
1995;1;-6.758148;0.9724637;;;
1995;1;-6.804779;1.6477844;;;
1995;1;-6.868988;1.1923453;;;
1995;1;-7.011078;1.4591953;;;
1996;1;8.045074;5.4766154;;;
1996;1;7.9239807;5.970738;;;
1996;1;7.6178284;6.267569;;;
1996;1;6.8312073;5.5746055;;;
1996;1;6.7467346;6.469748;;;
1996;1;6.707672;6.094835;;;
1996;1;6.4093323;6.6174483;;;
1996;1;5.5152893;6.9244123;;;
1996;1;5.1422424;6.104729;;;
1996;1;4.6114807;5.9418893;;;
1996;1;3.8121643;6.172321;;;
1996;1;3.5606995;6.517074;;;
1996;1;3.546051;6.379626;;;
1996;1;3.4337463;6.723902;;;
1996;1;3.256012;7.038138;;;
1996;1;2.5397034;6.1277366;;;
1996;1;1.9376526;6.1806655;;;
1996;1;0.9449768;6.4608073;;;
1996;1;-0.06918335;7.141969;;;
1996;1;-0.15512085;5.770943;;;
1996;1;-0.37338257;5.9607244;;;
1996;1;-0.7732849;6.97448;;;
1996;1;-1.1736755;7.5335717;;;
1996;1;-1.4197693;7.532022;;;
1996;1;-1.5364685;6.538174;;;
1996;1;-2.2000427;5.217693;;;
1996;1;-3.2400818;5.470178;;;
1996;1;-3.6873474;6.020806;;;
1996;1;-4.219574;4.432342;;;
1996;1;-4.5716248;5.9749103;;;
1996;1;-4.877777;5.9225774;;;
1996;1;-4.972992;5.833051;;;
1996;1;-5.1009216;5.3889966;;;
1996;1;-5.341156;1.7682526;;;
1996;1;-5.4393005;4.6081758;;;
1996;1;-5.643402;2.5109265;;;
1996;1;-5.8631287;3.5482857;;;
1996;1;-6.3401794;4.681728;;;
1996;1;-6.907074;4.5550084;;;
1996;1;-7.1219177;4.344127;;;
1996;1;-7.176605;2.9764388;;;
1996;1;-7.3440857;3.6449645;;;
1996;1;-7.3728943;4.0247655;;;
1996;1;-7.3821716;2.045295;;;
1996;1;-8.41391;3.0992243;;;
1996;1;-8.513031;2.1460268;;;
1996;1;-8.653168;2.3191187;;;
1996;1;-8.787933;2.555034;;;
1996;1;-8.851898;2.8835747;;;
1997;1;7.6927795;1.616074;;;
1997;1;7.4984436;1.8338693;;;
1997;1;7.231842;1.9927753;;;
1997;1;6.7567444;1.7821921;;;
1997;1;6.56485;2.022101;;;
1997;1;6.5204163;2.2715464;;;
1997;1;6.370514;2.4027958;;;
1997;1;5.6913147;2.685143;;;
1997;1;5.1493225;2.6337638;;;
1997;1;4.7884827;1.9511713;;;
1997;1;4.1844788;2.2882357;;;
1997;1;4.0106506;2.6961102;;;
1997;1;3.995514;3.1181111;;;
1997;1;3.882721;2.9575362;;;
1997;1;3.8207092;2.9975905;;;
1997;1;2.9339905;3.1433835;;;
1997;1;2.2704163;3.6499038;;;
1997;1;1.2811584;3.4316316;;;
1997;1;0.6493225;2.6191607;;;
1997;1;0.21182251;3.1172767;;;
1997;1;0.005767822;2.8527513;;;
1997;1;-0.29891968;2.9792323;;;
1997;1;-0.32235718;3.2258167;;;
1997;1;-0.39804077;3.3649936;;;
1997;1;-1.0733337;3.8987532;;;
1997;1;-2.3091736;3.0084386;;;
1997;1;-2.7691345;3.0901566;;;
1997;1;-3.7486267;2.782835;;;
1997;1;-4.1929626;2.5014415;;;
1997;1;-4.7808533;2.8659835;;;
1997;1;-4.847748;1.0103716;;;
1997;1;-5.079193;1.3259186;;;
1997;1;-5.195404;2.9518738;;;
1997;1;-5.2764587;2.9871001;;;
1997;1;-5.285248;3.001584;;;
1997;1;-5.4146423;2.7260914;;;
1997;1;-5.6075134;2.1504893;;;
1997;1;-6.5884705;2.4255648;;;
1997;1;-6.879486;1.6510619;;;
1997;1;-7.1651306;2.0444527;;;
1997;1;-7.197357;2.482666;;;
1997;1;-7.205658;1.218213;;;
1997;1;-7.2168884;2.2777452;;;
1997;1;-7.269623;2.4240746;;;
1997;1;-8.435638;1.8245114;;;
1997;1;-8.445892;1.3740195;;;
1997;1;-8.51181;1.50813;;;
1997;1;-8.541107;1.2942685;;;
1997;1;-8.764252;1.7129315;;;
1998;1;5.4396057;3.6225498;;;
1998;1;5.3111877;3.778237;;;
1998;1;5.111725;3.8535774;;;
1998;1;4.2220764;4.2016683;;;
1998;1;4.0902405;3.4783065;;;
1998;1;3.9422913;3.658551;;;
1998;1;3.6075745;3.9494214;;;
1998;1;2.7088928;4.335898;;;
1998;1;2.535553;4.679936;;;
1998;1;1.7176819;5.2753863;;;
1998;1;1.5602112;3.6931217;;;
1998;1;0.8883362;4.7633824;;;
1998;1;0.57901;5.859035;;;
1998;1;0.53115845;3.8371265;;;
1998;1;0.36416626;4.18784;;;
1998;1;0.18203735;4.126447;;;
1998;1;-0.10360718;4.322785;;;
1998;1;-0.8851013;5.4303584;;;
1998;1;-1.988617;4.4011054;;;
1998;1;-2.5420837;5.918282;;;
1998;1;-3.019867;4.696625;;;
1998;1;-3.177826;4.3283877;;;
1998;1;-3.7105408;4.457968;;;
1998;1;-4.04599;4.6311793;;;
1998;1;-4.1228943;3.7976682;;;
1998;1;-4.2674255;4.314917;;;
1998;1;-4.2901306;4.491943;;;
1998;1;-5.5205994;3.1099498;;;
1998;1;-5.843109;3.979939;;;
1998;1;-6.2364197;1.1128366;;;
1998;1;-6.455414;3.8923204;;;
1998;1;-6.5193787;3.6827505;;;
1998;1;-6.5906677;3.1727731;;;
1998;1;-6.7603455;3.819126;;;
1998;1;-6.8628845;3.8697898;;;
1998;1;-6.884369;1.5406787;;;
1998;1;-6.9466248;2.3596466;;;
1998;1;-8.047211;2.8219402;;;
1998;1;-8.137054;1.8748224;;;
1998;1;-8.172211;2.2547424;;;
1998;1;-8.20517;1.3321817;;;
1998;1;-8.482513;2.7612627;;;
1998;1;-8.555267;2.4417818;;;
1998;1;-8.626068;2.649802;;;
1998;1;-9.811371;1.4509141;;;
1998;1;-9.812347;1.8758953;;;
1998;1;-10.168793;1.8172443;;;
1998;1;-10.172699;1.5764415;;;
1998;1;-10.17392;1.715678;;;
1999;1;9.207184;1.382208;;;
1999;1;9.008453;1.4610649;;;
1999;1;8.813629;1.677251;;;
1999;1;8.326324;1.4973046;;;
1999;1;8.111969;1.5722872;;;
1999;1;8.055817;1.9719363;;;
1999;1;7.7467346;1.7584325;;;
1999;1;6.9669495;2.057767;;;
1999;1;6.573883;2.2824168;;;
1999;1;6.438629;1.4531971;;;
1999;1;6.0572815;1.528597;;;
1999;1;5.672516;1.7193319;;;
1999;1;5.5812073;2.5066495;;;
1999;1;5.354645;1.8877746;;;
1999;1;5.313141;2.3877978;;;
1999;1;4.690094;2.113974;;;
1999;1;4.2047424;2.7189016;;;
1999;1;3.4977112;2.642727;;;
1999;1;2.9249573;1.5563132;;;
1999;1;2.5924377;2.2814035;;;
1999;1;2.5870667;1.5681745;;;
1999;1;2.3941956;1.6120435;;;
1999;1;2.25943;1.7533065;;;
1999;1;1.955719;1.8465282;;;
1999;1;1.402008;2.818203;;;
1999;1;0.22769165;1.888609;;;
1999;1;-0.20541382;2.377665;;;
1999;1;-0.6746521;1.2139441;;;
1999;1;-1.2347107;1.2573959;;;
1999;1;-1.4300232;1.8061162;;;
1999;1;-1.4358826;1.3270141;;;
1999;1;-1.7693787;1.410997;;;
1999;1;-2.14682;1.0317923;;;
1999;1;-2.8611755;1.504934;;;
1999;1;-2.9060974;1.0955096;;;
1999;1;-3.190277;1.4971257;;;
1999;1;-3.315277;1.3493658;;;
1999;1;-4.630707;1.0657669;;;
1999;1;-4.9964294;1.1387826;;;
1999;1;-5.0716248;0.9976388;;;
1999;1;-5.6946716;1.1927844;;;
1999;1;-5.801117;0.98637354;;;
1999;1;-5.8977966;0.98154557;;;
1999;1;-5.9549255;1.0297657;;;
1999;1;-6.261078;1.0506274;;;
1999;1;-6.697113;0.8999468;;;
1999;1;-7.026703;0.76696885;;;
1999;1;-7.120941;0.8509518;;;
1999;1;-7.4080505;0.80678475;;;
2000;1;7.07193;2.8782644;;;
2000;1;6.8956604;3.6037722;;;
2000;1;6.6940002;4.3296375;;;
2000;1;5.9513245;3.5395184;;;
2000;1;5.9430237;5.2011766;;;
2000;1;5.759918;4.275278;;;
2000;1;5.4962463;5.010442;;;
2000;1;4.75943;5.872325;;;
2000;1;4.3868713;5.8235683;;;
2000;1;3.6393127;4.787878;;;
2000;1;3.1446838;6.6160717;;;
2000;1;2.85318;6.4463177;;;
2000;1;2.618805;6.5280952;;;
2000;1;2.5416565;5.6277075;;;
2000;1;2.2848206;6.3209095;;;
2000;1;1.8419495;6.885127;;;
2000;1;1.3170471;7.508234;;;
2000;1;0.37368774;7.5438776;;;
2000;1;-0.66244507;7.2083035;;;
2000;1;-1.040863;7.2452583;;;
2000;1;-1.2547302;7.787303;;;
2000;1;-1.681488;8.079604;;;
2000;1;-2.0428162;8.179144;;;
2000;1;-2.2635193;7.9801836;;;
2000;1;-2.5467224;8.232192;;;
2000;1;-2.8372498;7.1891108;;;
2000;1;-3.6404724;6.956891;;;
2000;1;-4.6805115;5.8941402;;;
2000;1;-5.186859;7.991151;;;
2000;1;-5.4041443;2.2102156;;;
2000;1;-5.915863;3.4821787;;;
2000;1;-6.0032654;8.155779;;;
2000;1;-6.049652;8.029536;;;
2000;1;-6.108246;6.9675007;;;
2000;1;-6.2659607;8.349852;;;
2000;1;-6.339203;8.182005;;;
2000;1;-6.3450623;4.988269;;;
2000;1;-7.8250427;4.5033255;;;
2000;1;-7.941742;2.9661217;;;
2000;1;-8.022308;7.402853;;;
2000;1;-8.209808;5.6777754;;;
2000;1;-8.343109;6.3517847;;;
2000;1;-8.408539;6.9109955;;;
2000;1;-8.42514;7.28722;;;
2000;1;-9.313812;3.4642973;;;
2000;1;-9.4895935;3.9307632;;;
2000;1;-9.874359;4.4588604;;;
2000;1;-9.974457;5.486206;;;
2000;1;-10.185394;5.090312;;;
2001;1;8.025055;1.1436988;;;
2001;1;7.6354065;1.1560072;;;
2001;1;7.2218323;1.2320925;;;
2001;1;7.035309;0.93609583;;;
2001;1;6.6529846;0.94539416;;;
2001;1;6.403961;1.3686467;;;
2001;1;6.358551;0.9829451;;;
2001;1;5.546051;1.1769284;;;
2001;1;4.957184;0.8088101;;;
2001;1;4.94693;1.3604809;;;
2001;1;4.200836;0.7698287;;;
2001;1;3.952301;0.7954289;;;
2001;1;3.9166565;1.484548;;;
2001;1;3.895172;0.7845212;;;
2001;1;3.7623596;1.2415398;;;
2001;1;3.065094;0.919943;;;
2001;1;2.4029846;1.7352153;;;
2001;1;1.5904846;1.4585603;;;
2001;1;1.0885315;0.97069633;;;
2001;1;0.5982971;1.0288407;;;
2001;1;0.26626587;0.87667;;;
2001;1;0.108551025;0.86981547;;;
2001;1;0.096832275;0.78115356;;;
2001;1;-0.1253357;0.8263637;;;
2001;1;-0.5101013;1.7780412;;;
2001;1;-1.6712341;0.9203006;;;
2001;1;-2.2083435;1.2605835;;;
2001;1;-2.4544373;0.75135124;;;
2001;1;-3.3875427;0.7458974;;;
2001;1;-3.49057;1.048391;;;
2001;1;-3.613617;1.2025882;;;
2001;1;-3.9056091;0.7499505;;;
2001;1;-4.1492615;0.7920612;;;
2001;1;-4.344574;1.3336588;;;
2001;1;-4.412445;0.8891274;;;
2001;1;-4.648773;1.0228206;;;
2001;1;-4.9344177;1.1709679;;;
2001;1;-5.5906677;0.7468511;;;
2001;1;-5.9217224;0.9572853;;;
2001;1;-6.068695;1.0125984;;;
2001;1;-6.3196716;0.77704084;;;
2001;1;-6.3714294;0.8173336;;;
2001;1;-6.5452576;0.77483547;;;
2001;1;-6.5726013;0.7443179;;;
2001;1;-7.622406;0.8134891;;;
2001;1;-7.662445;0.72944653;;;
2001;1;-7.755707;0.72184694;;;
2001;1;-7.8699646;0.71666133;;;
2001;1;-8.05014;0.7319797;;;
2002;1;6.2398987;2.1423588;;;
2002;1;5.818512;2.7529488;;;
2002;1;5.532379;3.3405313;;;
2002;1;4.8614807;2.4585018;;;
2002;1;4.8614807;4.46241;;;
2002;1;4.429352;3.104497;;;
2002;1;4.0919495;4.0212164;;;
2002;1;3.445465;5.225588;;;
2002;1;3.231598;6.0478935;;;
2002;1;2.2511292;3.102828;;;
2002;1;2.0865784;7.4182043;;;
2002;1;1.5509338;6.550003;;;
2002;1;0.8102112;3.7949572;;;
2002;1;0.7623596;5.342413;;;
2002;1;0.49526978;8.394528;;;
2002;1;0.48355103;4.7081003;;;
2002;1;0.0597229;5.924631;;;
2002;1;-0.6199646;7.787157;;;
2002;1;-1.9602966;6.3919315;;;
2002;1;-2.6238708;8.5737;;;
2002;1;-2.6731873;4.136015;;;
2002;1;-3.2019958;5.8656225;;;
2002;1;-3.7937927;5.6931267;;;
2002;1;-4.134613;6.3821564;;;
2002;1;-4.2132263;4.7195444;;;
2002;1;-4.2293396;5.695034;;;
2002;1;-4.6214294;5.224634;;;
2002;1;-5.457855;4.8079977;;;
2002;1;-5.4637146;3.9301403;;;
2002;1;-6.1614685;1.1336098;;;
2002;1;-6.164398;2.170969;;;
2002;1;-6.4129333;4.154254;;;
2002;1;-6.6893005;5.249668;;;
2002;1;-6.7747498;5.5466185;;;
2002;1;-6.804535;3.9872415;;;
2002;1;-6.927582;4.5428762;;;
2002;1;-7.06723;5.0454626;;;
2002;1;-7.737152;3.6440382;;;
2002;1;-8.189301;3.1046162;;;
2002;1;-8.245941;3.8189182;;;
2002;1;-8.36557;3.9217956;;;
2002;1;-8.394867;4.1186104;;;
2002;1;-8.5208435;3.940273;;;
2002;1;-8.700531;1.7513523;;;
2002;1;-9.545746;2.2758732;;;
2002;1;-9.578461;2.4595747;;;
2002;1;-9.733246;2.7518759;;;
2002;1;-9.906097;2.6788006;;;
2002;1;-9.954437;2.0591507;;;
2003;1;8.548492;1.8010603;;;
2003;1;8.346344;2.1248326;;;
2003;1;8.094635;2.3605094;;;
2003;1;7.479889;2.9181705;;;
2003;1;7.4410706;2.0484195;;;
2003;1;7.2340393;2.4078355;;;
2003;1;6.9205627;2.9914842;;;
2003;1;6.321686;3.6033854;;;
2003;1;6.0367737;3.6848054;;;
2003;1;5.3956604;2.4494395;;;
2003;1;4.7867737;4.2142143;;;
2003;1;4.6356506;3.8540826;;;
2003;1;4.4376526;2.6783214;;;
2003;1;4.143219;3.6983953;;;
2003;1;4.0985413;3.2729373;;;
2003;1;3.5116272;3.4250484;;;
2003;1;3.0853577;4.485177;;;
2003;1;2.2765198;3.9138067;;;
2003;1;1.3119202;3.1376348;;;
2003;1;1.1927795;3.174828;;;
2003;1;0.7154846;3.6461816;;;
2003;1;0.3368225;3.4152732;;;
2003;1;0.30337524;3.1944976;;;
2003;1;0.050689697;4.0998926;;;
2003;1;-0.022064209;3.1782851;;;
2003;1;-0.70370483;3.362702;;;
2003;1;-1.440033;2.9126868;;;
2003;1;-1.7549744;2.9364095;;;
2003;1;-2.3055115;2.5666223;;;
2003;1;-2.469818;2.8415189;;;
2003;1;-2.7981873;2.8050408;;;
2003;1;-2.9815369;2.846764;;;
2003;1;-3.0640564;0.53803784;;;
2003;1;-3.1492615;3.1109319;;;
2003;1;-3.3782654;0.9228454;;;
2003;1;-3.4444275;2.8079019;;;
2003;1;-3.7776794;1.9237267;;;
2003;1;-4.782074;2.6749835;;;
2003;1;-5.1997986;1.3825165;;;
2003;1;-5.3592224;2.5444493;;;
2003;1;-5.4014587;0.77943665;;;
2003;1;-5.491791;2.1846757;;;
2003;1;-5.493744;2.3510919;;;
2003;1;-5.4986267;1.9267069;;;
2003;1;-6.7586365;1.9120442;;;
2003;1;-6.7705994;0.92582566;;;
2003;1;-6.886322;1.1015402;;;
2003;1;-7.0291443;1.322435;;;
2003;1;-7.127289;1.6565787;;;
2004;1;8.555084;4.1713953;;;
2004;1;8.537262;4.6864986;;;
2004;1;8.366852;5.3477526;;;
2004;1;7.6214905;5.9054136;;;
2004;1;7.428131;4.6806574;;;
2004;1;7.3978577;5.1734686;;;
2004;1;7.11734;5.569124;;;
2004;1;6.335846;6.0870886;;;
2004;1;6.12735;6.144786;;;
2004;1;5.344391;5.024934;;;
2004;1;5.034088;6.6719294;;;
2004;1;4.563385;6.3358784;;;
2004;1;4.4933167;5.42953;;;
2004;1;4.3214417;5.7349443;;;
2004;1;4.188385;5.791807;;;
2004;1;3.7123108;5.6923866;;;
2004;1;3.4230042;7.023716;;;
2004;1;2.2950745;6.9750786;;;
2004;1;1.3663635;5.795741;;;
2004;1;1.2569885;6.6789627;;;
2004;1;1.0563049;6.0478687;;;
2004;1;0.76065063;6.618762;;;
2004;1;0.3866272;7.026458;;;
2004;1;0.2772522;7.00047;;;
2004;1;0.13833618;7.121706;;;
2004;1;-0.58187866;5.2173376;;;
2004;1;-1.3164978;5.5089235;;;
2004;1;-1.9634705;6.7461967;;;
2004;1;-2.2989197;3.9954424;;;
2004;1;-2.3648376;6.5454483;;;
2004;1;-2.3865662;6.399417;;;
2004;1;-2.433197;6.2629223;;;
2004;1;-2.573578;0.9237765;;;
2004;1;-2.847992;5.94821;;;
2004;1;-3.037445;1.6876696;;;
2004;1;-3.3780212;4.8579216;;;
2004;1;-3.8540955;3.1577587;;;
2004;1;-5.044525;5.8568954;;;
2004;1;-5.0469666;2.6519537;;;
2004;1;-5.080414;4.436636;;;
2004;1;-5.087494;1.5655993;;;
2004;1;-5.177826;5.027437;;;
2004;1;-5.214203;3.779912;;;
2004;1;-5.3216248;5.5169106;;;
2004;1;-6.6512146;1.9665002;;;
2004;1;-6.740326;2.411151;;;
2004;1;-7.030121;2.9237509;;;
2004;1;-7.237152;3.9958;;;
2004;1;-7.384369;3.53446;;;
2005;1;7.1647034;3.8367968;;;
2005;1;6.806061;4.1363697;;;
2005;1;6.524811;4.3293695;;;
2005;1;6.011627;4.5178394;;;
2005;1;5.913971;4.7313433;;;
2005;1;5.6410217;4.8475723;;;
2005;1;5.2291565;5.349086;;;
2005;1;4.62027;5.7790737;;;
2005;1;4.478668;5.631254;;;
2005;1;3.8924866;5.299733;;;
2005;1;3.4466858;6.1902266;;;
2005;1;3.2103577;6.280468;;;
2005;1;3.0333557;5.9288006;;;
2005;1;2.6061096;6.47466;;;
2005;1;2.5641174;6.587432;;;
2005;1;2.2933655;6.3902597;;;
2005;1;1.89151;6.576107;;;
2005;1;1.4459534;6.6084127;;;
2005;1;0.34951782;6.0693483;;;
2005;1;-0.17391968;6.472395;;;
2005;1;-0.7408142;6.697462;;;
2005;1;-0.7413025;6.791995;;;
2005;1;-1.0403748;7.022188;;;
2005;1;-1.0481873;7.189081;;;
2005;1;-1.306488;7.1851473;;;
2005;1;-2.2149353;5.8210354;;;
2005;1;-2.3558044;5.4872494;;;
2005;1;-3.6473083;6.190346;;;
2005;1;-4.0713806;4.489706;;;
2005;1;-4.4444275;6.1713915;;;
2005;1;-4.725189;6.159113;;;
2005;1;-4.7676697;6.0666065;;;
2005;1;-4.792572;5.852626;;;
2005;1;-5.2200623;4.946516;;;
2005;1;-5.8077087;2.103732;;;
2005;1;-5.8382263;1.1997682;;;
2005;1;-5.950531;3.4077625;;;
2005;1;-6.4075623;5.297468;;;
2005;1;-6.929291;5.049036;;;
2005;1;-6.950775;3.777073;;;
2005;1;-6.98349;4.347847;;;
2005;1;-7.0381775;2.9057722;;;
2005;1;-7.044525;4.7293167;;;
2005;1;-7.731781;1.7922384;;;
2005;1;-8.206879;3.9238193;;;
2005;1;-8.412933;3.1229715;;;
2005;1;-8.466644;2.6982288;;;
2005;1;-8.521088;3.571556;;;
2005;1;-8.631439;2.257989;;;
2006;1;7.4842834;3.6734045;;;
2006;1;7.333893;3.8387477;;;
2006;1;7.077057;3.9267242;;;
2006;1;6.346588;4.36458;;;
2006;1;6.303131;4.310459;;;
2006;1;6.1893616;4.5693817;;;
2006;1;5.902252;5.0931873;;;
2006;1;5.136139;5.558819;;;
2006;1;4.799713;5.1332417;;;
2006;1;4.2621155;5.1461163;;;
2006;1;3.6629944;5.809993;;;
2006;1;3.5033264;5.893916;;;
2006;1;3.3978577;5.792469;;;
2006;1;3.1288147;6.530017;;;
2006;1;3.1078186;6.391019;;;
2006;1;2.6229553;6.2068405;;;
2006;1;1.9710999;6.2313976;;;
2006;1;1.4252014;6.183833;;;
2006;1;0.37149048;5.7466927;;;
2006;1;0.29678345;7.1136656;;;
2006;1;-0.64120483;7.62257;;;
2006;1;-0.6465759;7.203788;;;
2006;1;-0.75497437;7.632703;;;
2006;1;-1.0049744;7.6530876;;;
2006;1;-1.0293884;6.4545574;;;
2006;1;-2.3785095;6.099552;;;
2006;1;-2.6714783;5.1662626;;;
2006;1;-3.3399353;7.272929;;;
2006;1;-4.0083923;7.2145166;;;
2006;1;-4.235443;4.615039;;;
2006;1;-4.3521423;7.0675316;;;
2006;1;-4.631439;6.8796577;;;
2006;1;-5.2242126;6.5976086;;;
2006;1;-5.5362244;1.549691;;;
2006;1;-5.8111267;5.477518;;;
2006;1;-5.876068;2.3996532;;;
2006;1;-6.2710876;3.7294328;;;
2006;1;-6.9722595;6.1841908;;;
2006;1;-7.3892517;5.9903564;;;
2006;1;-7.425873;5.4770412;;;
2006;1;-7.4683533;4.817218;;;
2006;1;-7.506439;3.1606853;;;
2006;1;-7.549408;4.210681;;;
2006;1;-7.7930603;1.9730031;;;
2006;1;-9.06015;4.4483843;;;
2006;1;-9.158783;2.2438467;;;
2006;1;-9.271576;2.6052892;;;
2006;1;-9.3316345;3.2930076;;;
2006;1;-9.424408;4.0447416;;;
2007;1;4.1561584;1.3075364;;;
2007;1;3.6629944;1.4908803;;;
2007;1;3.4090881;1.6728532;;;
2007;1;3.2608948;2.099384;;;
2007;1;2.9466858;1.6864431;;;
2007;1;2.4901428;2.5417697;;;
2007;1;2.4603577;1.8835557;;;
2007;1;2.2914124;2.171625;;;
2007;1;2.2184143;2.6144278;;;
2007;1;1.5956116;2.8671515;;;
2007;1;1.358551;2.9853475;;;
2007;1;0.8783264;2.2287261;;;
2007;1;0.19448853;3.2915366;;;
2007;1;0.027252197;3.0600321;;;
2007;1;0.007965088;3.2369387;;;
2007;1;-0.25546265;2.5579226;;;
2007;1;-0.4078064;3.3705723;;;
2007;1;-0.40951538;2.852012;;;
2007;1;-1.6934509;3.3631217;;;
2007;1;-2.691986;3.6401045;;;
2007;1;-3.3675232;2.9045236;;;
2007;1;-3.4961853;3.8905036;;;
2007;1;-4.480072;3.7304652;;;
2007;1;-4.5489197;3.252734;;;
2007;1;-4.55307;3.6949408;;;
2007;1;-4.60141;3.1916988;;;
2007;1;-5.1421814;3.4710062;;;
2007;1;-6.2789;3.112067;;;
2007;1;-6.745697;3.1125438;;;
2007;1;-7.672699;3.7407768;;;
2007;1;-7.806488;1.9681942;;;
2007;1;-7.8333435;2.918173;;;
2007;1;-7.978363;4.0748014;;;
2007;1;-8.008881;1.1230004;;;
2007;1;-8.021088;3.3901227;;;
2007;1;-8.786957;3.1307828;;;
2007;1;-8.801117;3.6936295;;;
2007;1;-8.863373;3.8912785;;;
2007;1;-9.040863;2.6276004;;;
2007;1;-9.241547;3.1498563;;;
2007;1;-9.461273;3.2939804;;;
2007;1;-9.507904;3.3393395;;;
2007;1;-9.662689;3.3328426;;;
2007;1;-9.794525;1.6299975;;;
2007;1;-10.253265;2.1220934;;;
2007;1;-10.283295;2.3069274;;;
2007;1;-10.298676;2.5169742;;;
2007;1;-10.519623;1.9197953;;;
2007;1;-10.541351;2.4657142;;;
2008;1;2.7396545;1.9082159;;;
2008;1;2.0956116;1.9016594;;;
2008;1;1.695221;1.9867152;;;
2008;1;1.6376038;2.5703044;;;
2008;1;1.3065491;2.280745;;;
2008;1;1.0096741;2.567205;;;
2008;1;0.7464905;2.6719303;;;
2008;1;0.4491272;2.9635758;;;
2008;1;0.24697876;2.685997;;;
2008;1;-0.07235718;3.3021898;;;
2008;1;-0.7559509;3.2408566;;;
2008;1;-0.8682556;3.0118556;;;
2008;1;-0.9937439;3.5518737;;;
2008;1;-1.2554626;3.6827655;;;
2008;1;-1.3614197;3.6084385;;;
2008;1;-1.7696228;3.5308928;;;
2008;1;-2.8345642;3.4786196;;;
2008;1;-2.908783;3.235671;;;
2008;1;-3.7818298;4.435691;;;
2008;1;-4.100189;3.3400984;;;
2008;1;-4.8301697;4.656407;;;
2008;1;-5.554291;4.7140446;;;
2008;1;-5.578705;3.9994447;;;
2008;1;-5.644623;4.6133127;;;
2008;1;-5.738861;3.5479994;;;
2008;1;-7.4864197;3.0079813;;;
2008;1;-7.6080017;3.2248826;;;
2008;1;-8.502045;4.737767;;;
2008;1;-9.536713;2.5155873;;;
2008;1;-9.870697;4.805359;;;
2008;1;-10.734467;4.8373666;;;
2008;1;-11.164642;1.3217062;;;
2008;1;-11.178314;1.8654794;;;
2008;1;-11.200287;4.636201;;;
2008;1;-11.3316345;4.0285316;;;
2008;1;-11.363373;2.46391;;;
2008;1;-11.45224;3.2911034;;;
2008;1;-11.649506;4.421684;;;
2008;1;-12.445404;4.3073025;;;
2008;1;-12.81308;4.0569034;;;
2008;1;-12.868744;2.3464293;;;
2008;1;-13.148529;3.6506386;;;
2008;1;-13.149506;2.9913516;;;
2008;1;-13.357025;1.6959637;;;
2008;1;-13.432709;3.4203858;;;
2008;1;-13.702728;2.8598042;;;
2008;1;-13.752533;2.4395914;;;
2008;1;-13.880951;3.2357306;;;
2008;1;-14.143646;1.995179;;;
2009;1;5.5030823;0.36775228;;;
2009;1;5.0326233;0.44023153;;;
2009;1;4.818756;0.5017733;;;
2009;1;4.5472717;0.6354963;;;
2009;1;4.3802795;0.47095773;;;
2009;1;3.9112854;0.5521094;;;
2009;1;3.7347717;0.6977832;;;
2009;1;3.60318;0.7299697;;;
2009;1;3.5379944;0.84134096;;;
2009;1;2.6793518;0.84494704;;;
2009;1;2.6263733;0.97589844;;;
2009;1;2.4474182;0.6724512;;;
2009;1;1.5887756;1.0759151;;;
2009;1;1.5577698;1.1255658;;;
2009;1;1.5250549;0.8062636;;;
2009;1;1.361969;0.9572422;;;
2009;1;1.1234436;1.0445035;;;
2009;1;1.0021057;1.1705375;;;
2009;1;-0.34506226;1.2153006;;;
2009;1;-1.4497986;1.3338244;;;
2009;1;-1.4690857;1.1365628;;;
2009;1;-2.2166443;1.4138138;;;
2009;1;-2.5022888;1.2338972;;;
2009;1;-2.6719666;1.4464474;;;
2009;1;-3.0696716;1.3050056;;;
2009;1;-3.415863;1.2163734;;;
2009;1;-3.6770935;1.446507;;;
2009;1;-5.230072;1.341722;;;
2009;1;-5.4944763;1.2057042;;;
2009;1;-6.4112244;1.3917005;;;
2009;1;-6.473236;0.41755196;;;
2009;1;-6.8162537;0.4988229;;;
2009;1;-6.9725037;1.597575;;;
2009;1;-7.033539;1.374445;;;
2009;1;-7.1875916;1.446358;;;
2009;1;-7.241791;0.9058034;;;
2009;1;-7.422943;1.4954722;;;
2009;1;-7.5274353;1.2417948;;;
2009;1;-8.170746;1.2720144;;;
2009;1;-8.287445;0.777415;;;
2009;1;-8.337738;1.051954;;;
2009;1;-8.355072;1.2306488;;;
2009;1;-8.388763;1.1551297;;;
2009;1;-8.711517;0.6239628;;;
2009;1;-9.163422;1.067183;;;
2009;1;-9.324799;0.7148599;;;
2009;1;-9.340912;0.7688617;;;
2009;1;-9.540375;0.93873495;;;
2009;1;-9.669037;0.6902134;;;
2010;1;11.09903;2.2458937;;;
2010;1;11.098053;2.5329497;;;
2010;1;10.971588;2.6769545;;;
2010;1;10.305084;2.9547122;;;
2010;1;10.182037;3.164759;;;
2010;1;10.170319;3.47518;;;
2010;1;9.907623;3.8361456;;;
2010;1;9.209869;4.1022205;;;
2010;1;8.8461;3.5548117;;;
2010;1;8.394196;4.7082806;;;
2010;1;7.830963;4.2850876;;;
2010;1;7.796295;5.307188;;;
2010;1;7.627838;4.579773;;;
2010;1;7.5050354;5.6993866;;;
2010;1;7.4147034;5.7916546;;;
2010;1;6.837311;5.7721043;;;
2010;1;6.4510803;5.235424;;;
2010;1;5.750885;5.373707;;;
2010;1;4.715973;5.4755116;;;
2010;1;4.261383;7.841339;;;
2010;1;3.8292542;8.091917;;;
2010;1;3.7618713;8.533707;;;
2010;1;3.6742249;8.287182;;;
2010;1;3.604889;8.422842;;;
2010;1;3.5585022;6.1545277;;;
2010;1;2.1940002;6.798258;;;
2010;1;1.8226624;5.0175095;;;
2010;1;0.7081604;1.0027792;;;
2010;1;0.60684204;4.8334503;;;
2010;1;0.20425415;9.188166;;;
2010;1;-0.45663452;2.3088362;;;
2010;1;-0.4793396;9.192457;;;
2010;1;-0.5345154;9.265175;;;
2010;1;-0.5542908;9.264936;;;
2010;1;-0.8218689;8.666267;;;
2010;1;-1.1089783;6.959429;;;
2010;1;-1.1170349;4.3027306;;;
2010;1;-1.7967224;2.1471884;;;
2010;1;-2.4756775;3.9369967;;;
2010;1;-2.4815369;8.616676;;;
2010;1;-2.719574;7.985821;;;
2010;1;-2.7879333;8.497229;;;
2010;1;-2.860443;7.0333385;;;
2010;1;-2.8953552;5.807867;;;
2010;1;-3.776947;2.9249098;;;
2010;1;-4.214691;3.7906077;;;
2010;1;-4.3157654;6.2494183;;;
2010;1;-4.3660583;4.639139;;;
2010;1;-4.5401306;5.597582;;;
2011;1;7.356598;2.9729364;;;
2011;1;6.817047;3.0852315;;;
2011;1;6.5177307;3.099179;;;
2011;1;6.302887;3.249025;;;
2011;1;5.997711;3.6320446;;;
2011;1;5.7652893;3.4297464;;;
2011;1;5.4981995;4.1441674;;;
2011;1;5.0035706;4.7724004;;;
2011;1;4.681793;4.383778;;;
2011;1;4.285309;3.5592077;;;
2011;1;3.6564026;4.151439;;;
2011;1;3.5714417;4.893398;;;
2011;1;3.506012;5.1791425;;;
2011;1;3.4186096;4.970288;;;
2011;1;3.3512268;5.2127595;;;
2011;1;2.8321838;4.747724;;;
2011;1;1.658844;5.7642217;;;
2011;1;1.514801;5.2908416;;;
2011;1;0.655426;4.732346;;;
2011;1;0.4371643;4.5100207;;;
2011;1;-0.014984131;5.073046;;;
2011;1;-0.37582397;5.105829;;;
2011;1;-0.44857788;5.1898713;;;
2011;1;-0.46273804;4.8703904;;;
2011;1;-1.0857849;5.9115644;;;
2011;1;-2.563324;4.202699;;;
2011;1;-2.7581482;4.462456;;;
2011;1;-3.2503357;4.543757;;;
2011;1;-4.2552185;4.5469756;;;
2011;1;-4.62973;3.3026693;;;
2011;1;-4.8699646;4.721379;;;
2011;1;-5.157074;4.8813577;;;
2011;1;-5.4046326;4.5463796;;;
2011;1;-5.592621;0.73168266;;;
2011;1;-5.886566;3.7278888;;;
2011;1;-6.174652;1.3332127;;;
2011;1;-6.349945;2.4039505;;;
2011;1;-6.6893005;3.731942;;;
2011;1;-7.301117;3.5271404;;;
2011;1;-7.440277;3.301954;;;
2011;1;-7.547699;3.0865428;;;
2011;1;-7.547699;1.7992018;;;
2011;1;-7.551605;2.485132;;;
2011;1;-7.5872498;1.0065793;;;
2011;1;-8.485687;1.4964103;;;
2011;1;-8.638519;1.8646477;;;
2011;1;-8.678558;1.1873006;;;
2011;1;-8.679047;2.5307891;;;
2011;1;-8.938324;2.2594688;;;
2012;1;7.1039124;2.6185634;;;
2012;1;6.964752;2.6954534;;;
2012;1;6.719635;2.8597238;;;
2012;1;6.1844788;2.961767;;;
2012;1;6.044342;3.0485513;;;
2012;1;6.0121155;3.1089904;;;
2012;1;5.808502;3.2837512;;;
2012;1;5.094635;3.4934404;;;
2012;1;4.636139;3.6224248;;;
2012;1;4.3436584;3.5811784;;;
2012;1;3.7669983;3.9730194;;;
2012;1;3.6893616;3.9867284;;;
2012;1;3.5326233;4.2671084;;;
2012;1;3.4828186;4.118693;;;
2012;1;3.447174;4.1282296;;;
2012;1;2.7816467;4.2292;;;
2012;1;2.1341858;4.354489;;;
2012;1;1.5409241;4.645717;;;
2012;1;0.55410767;4.191649;;;
2012;1;0.36123657;5.383384;;;
2012;1;-0.21640015;5.6052327;;;
2012;1;-0.27157593;5.386603;;;
2012;1;-0.36923218;4.898441;;;
2012;1;-0.41952515;5.4918647;;;
2012;1;-0.7857361;4.8571944;;;
2012;1;-2.238861;4.2063117;;;
2012;1;-2.3960876;3.825915;;;
2012;1;-3.495697;5.5110574;;;
2012;1;-3.6446228;0.7028701;;;
2012;1;-4.0103455;3.0800226;;;
2012;1;-4.290619;5.42928;;;
2012;1;-4.551361;1.2198808;;;
2012;1;-4.6197205;5.1994443;;;
2012;1;-4.766205;4.895699;;;
2012;1;-5.1202087;4.6253324;;;
2012;1;-5.431732;3.784311;;;
2012;1;-5.566498;2.376807;;;
2012;1;-6.35849;1.1196258;;;
2012;1;-6.5830994;4.77494;;;
2012;1;-6.676361;1.9697073;;;
2012;1;-6.999115;2.9711845;;;
2012;1;-7.011322;4.610431;;;
2012;1;-7.063568;4.2238355;;;
2012;1;-7.099701;3.6426904;;;
2012;1;-8.29306;1.4113309;;;
2012;1;-8.579681;3.0900362;;;
2012;1;-8.683197;1.9037845;;;
2012;1;-8.782806;2.3586872;;;
2012;1;-8.905365;2.829683;;;
2013;1;7.8163147;5.704783;;;
2013;1;7.667633;6.5690503;;;
2013;1;7.4598694;7.310532;;;
2013;1;6.7877502;8.711002;;;
2013;1;6.6996155;6.9045053;;;
2013;1;6.537018;7.8536496;;;
2013;1;6.21109;9.497784;;;
2013;1;5.523346;11.012218;;;
2013;1;5.3736877;10.623835;;;
2013;1;4.417145;11.88936;;;
2013;1;4.3160706;8.884571;;;
2013;1;3.887848;12.319944;;;
2013;1;3.382965;10.692499;;;
2013;1;3.0804749;13.462446;;;
2013;1;3.042389;12.436531;;;
2013;1;2.9064026;13.137959;;;
2013;1;2.559967;13.211868;;;
2013;1;1.8907776;13.566158;;;
2013;1;0.6007385;12.764118;;;
2013;1;-0.16220093;14.228962;;;
2013;1;-0.30575562;12.193106;;;
2013;1;-0.64974976;14.9623375;;;
2013;1;-1.0933533;15.525721;;;
2013;1;-1.2530212;13.805769;;;
2013;1;-1.4820251;14.745377;;;
2013;1;-1.7381287;12.931011;;;
2013;1;-1.8509216;11.468313;;;
2013;1;-3.197113;9.8189335;;;
2013;1;-3.2151794;11.786602;;;
2013;1;-3.8250427;12.270592;;;
2013;1;-4.061371;13.590954;;;
2013;1;-4.0867615;13.004683;;;
2013;1;-4.117279;3.3523066;;;
2013;1;-4.177826;13.544224;;;
2013;1;-4.324066;11.764429;;;
2013;1;-4.4112244;5.668305;;;
2013;1;-4.7486267;8.376024;;;
2013;1;-5.771332;10.42094;;;
2013;1;-6.026703;7.6257215;;;
2013;1;-6.099945;9.505413;;;
2013;1;-6.1560974;10.538481;;;
2013;1;-6.1853943;10.524176;;;
2013;1;-6.2205505;10.5349045;;;
2013;1;-6.455902;4.809998;;;
2013;1;-7.5889587;5.695246;;;
2013;1;-7.5957947;6.4431653;;;
2013;1;-7.637787;7.5515733;;;
2013;1;-7.6995544;7.004164;;;
2013;1;-7.8787537;7.438086;;;
2014;1;8.785309;2.4342554;;;
2014;1;8.450836;2.6173608;;;
2014;1;8.232086;2.6944892;;;
2014;1;7.6861877;2.7993338;;;
2014;1;7.6319885;3.364505;;;
2014;1;7.292145;3.5629885;;;
2014;1;7.0348206;3.7542598;;;
2014;1;6.509918;3.7695186;;;
2014;1;6.3868713;3.2043474;;;
2014;1;5.559723;4.0495415;;;
2014;1;5.328766;3.551902;;;
2014;1;5.1437073;3.7038343;;;
2014;1;4.910309;4.1854997;;;
2014;1;4.662262;4.413249;;;
2014;1;4.563629;4.3321867;;;
2014;1;4.087555;3.8715022;;;
2014;1;3.6666565;3.9182324;;;
2014;1;3.3224182;3.6822574;;;
2014;1;2.0475159;3.411116;;;
2014;1;1.6524963;4.274549;;;
2014;1;0.9498596;4.2818804;;;
2014;1;0.92544556;3.8894432;;;
2014;1;0.70718384;4.1576643;;;
2014;1;0.59976196;4.2015333;;;
2014;1;0.52505493;4.246177;;;
2014;1;-0.8562927;3.7661211;;;
2014;1;-0.9095154;2.9585378;;;
2014;1;-2.4598083;4.1532536;;;
2014;1;-2.5926208;2.909066;;;
2014;1;-3.549652;4.083099;;;
2014;1;-4.1595154;4.0243287;;;
2014;1;-4.270355;3.4217255;;;
2014;1;-4.273773;2.324404;;;
2014;1;-4.301605;1.2655871;;;
2014;1;-4.3074646;3.9867778;;;
2014;1;-4.3435974;3.9081593;;;
2014;1;-4.5315857;0.68456095;;;
2014;1;-5.379242;4.158499;;;
2014;1;-5.6219177;1.9392388;;;
2014;1;-6.0013123;4.077675;;;
2014;1;-6.0247498;2.7119534;;;
2014;1;-6.1629333;3.7691014;;;
2014;1;-6.1873474;1.1575835;;;
2014;1;-6.1995544;3.260793;;;
2014;1;-7.19223;1.5060322;;;
2014;1;-7.214691;3.3145564;;;
2014;1;-7.284027;1.9205825;;;
2014;1;-7.375824;2.4918334;;;
2014;1;-7.5569763;3.0211227;;;
2015;1;7.9979553;1.6402721;;;
2015;1;7.8612366;1.77176;;;
2015;1;7.716217;1.995039;;;
2015;1;7.1586;2.3881912;;;
2015;1;6.9217834;2.1056652;;;
2015;1;6.775299;2.240014;;;
2015;1;6.5697327;2.4789095;;;
2015;1;6.0126038;2.8680086;;;
2015;1;5.8539124;2.9255867;;;
2015;1;4.7635803;3.4155369;;;
2015;1;4.6566467;2.8980494;;;
2015;1;4.4877014;3.6456108;;;
2015;1;3.6454163;3.7420511;;;
2015;1;3.5462952;3.3357859;;;
2015;1;3.341217;3.5860062;;;
2015;1;3.295807;4.2372465;;;
2015;1;3.0340881;4.172635;;;
2015;1;2.2811584;4.506898;;;
2015;1;1.0472717;4.4376373;;;
2015;1;0.034576416;4.537654;;;
2015;1;-0.066986084;5.0072193;;;
2015;1;-0.31552124;5.094123;;;
2015;1;-0.9903259;5.2129745;;;
2015;1;-1.2027283;4.9812317;;;
2015;1;-1.6368103;5.189967;;;
2015;1;-1.6973572;4.520726;;;
2015;1;-1.7662048;4.212451;;;
2015;1;-1.851654;0.6128072;;;
2015;1;-3.2310486;3.4726381;;;
2015;1;-3.4497986;1.3626337;;;
2015;1;-3.5713806;4.8354387;;;
2015;1;-4.4927673;4.9623966;;;
2015;1;-4.684662;2.7120829;;;
2015;1;-4.7115173;1.1603355;;;
2015;1;-4.783783;4.102063;;;
2015;1;-4.888275;4.8876524;;;
2015;1;-4.9893494;5.1692247;;;
2015;1;-5.163666;5.1582575;;;
2015;1;-5.6475525;2.1508455;;;
2015;1;-5.961029;4.3477535;;;
2015;1;-6.2359314;3.0736446;;;
2015;1;-6.359955;4.160595;;;
2015;1;-6.5030212;3.9368393;;;
2015;1;-6.6265564;3.6882877;;;
2015;1;-7.184662;1.5480042;;;
2015;1;-7.901947;1.9849062;;;
2015;1;-7.9927673;3.093791;;;
2015;1;-8.088959;2.402258;;;
2015;1;-8.227142;2.8128147;;;
2016;1;7.582428;3.82777;;;
2016;1;7.5814514;3.2968118;;;
2016;1;7.396393;4.6121674;;;
2016;1;6.6698303;5.9165554;;;
2016;1;6.4481506;4.9979286;;;
2016;1;6.4374084;5.549629;;;
2016;1;6.133209;6.5028267;;;
2016;1;5.396393;7.9066353;;;
2016;1;5.3006897;7.0762234;;;
2016;1;4.275299;8.317907;;;
2016;1;4.087311;6.971319;;;
2016;1;3.6698303;8.588274;;;
2016;1;3.263092;8.287151;;;
2016;1;2.9374084;9.701927;;;
2016;1;2.9252014;9.242733;;;
2016;1;2.6532288;9.345253;;;
2016;1;2.3910217;9.856661;;;
2016;1;1.2860413;9.817322;;;
2016;1;0.11904907;9.71051;;;
2016;1;-0.3164978;9.874542;;;
2016;1;-0.655365;11.334141;;;
2016;1;-0.7666931;10.5838375;;;
2016;1;-1.1060486;12.109001;;;
2016;1;-1.1514587;11.243303;;;
2016;1;-1.3404236;11.930187;;;
2016;1;-1.8262634;9.7214775;;;
2016;1;-2.2588806;9.144266;;;
2016;1;-3.0630798;7.540901;;;
2016;1;-3.457611;11.221607;;;
2016;1;-3.6123962;11.142929;;;
2016;1;-3.6475525;11.372049;;;
2016;1;-3.879486;11.786898;;;
2016;1;-4.193451;10.967691;;;
2016;1;-4.507904;9.240349;;;
2016;1;-4.530365;1.7489984;;;
2016;1;-4.641205;6.3950615;;;
2016;1;-4.675873;3.8098886;;;
2016;1;-6.382904;5.667885;;;
2016;1;-6.5191345;9.922464;;;
2016;1;-6.544037;7.574518;;;
2016;1;-6.5625916;9.01552;;;
2016;1;-6.662201;9.382923;;;
2016;1;-6.7276306;3.1017854;;;
2016;1;-6.738373;9.669025;;;
2016;1;-7.991791;4.101475;;;
2016;1;-8.289642;5.3259926;;;
2016;1;-8.296967;7.1897106;;;
2016;1;-8.432709;6.171425;;;
2016;1;-8.526947;6.762226;;;
2017;1;7.0504456;1.4030594;;;
2017;1;6.8087463;1.468386;;;
2017;1;6.5611877;1.5003937;;;
2017;1;6.0240784;1.5996951;;;
2017;1;5.969391;1.6944665;;;
2017;1;5.7809143;1.6743797;;;
2017;1;5.537262;1.7764229;;;
2017;1;4.94693;1.9979733;;;
2017;1;4.7325745;1.9476074;;;
2017;1;3.9464417;2.0025628;;;
2017;1;3.7120667;2.2105234;;;
2017;1;3.5553284;2.3688333;;;
2017;1;3.3102112;2.1425145;;;
2017;1;3.07193;2.2507565;;;
2017;1;3.0572815;2.2362726;;;
2017;1;2.6319885;2.4408357;;;
2017;1;2.0401917;2.4616973;;;
2017;1;1.6046448;2.8001325;;;
2017;1;0.35073853;2.529587;;;
2017;1;-0.3440857;2.815749;;;
2017;1;-0.9632263;2.9657738;;;
2017;1;-0.9666443;2.9456275;;;
2017;1;-0.97055054;2.8795855;;;
2017;1;-1.0144958;2.740349;;;
2017;1;-1.1463318;2.883579;;;
2017;1;-2.8367615;2.2830026;;;
2017;1;-3.0081482;2.384569;;;
2017;1;-4.7376404;2.980079;;;
2017;1;-5.101898;1.7236727;;;
2017;1;-5.6526794;3.0396836;;;
2017;1;-5.926605;3.011133;;;
2017;1;-5.992523;2.90003;;;
2017;1;-6.2674255;2.672817;;;
2017;1;-6.7166443;2.1835225;;;
2017;1;-7.4305115;1.4555115;;;
2017;1;-7.566742;0.79842985;;;
2017;1;-7.8504333;0.44712004;;;
2017;1;-8.008636;2.5495546;;;
2017;1;-8.544281;2.5222557;;;
2017;1;-8.545746;1.7324346;;;
2017;1;-8.554047;2.196099;;;
2017;1;-8.611664;2.4052517;;;
2017;1;-8.683929;1.2274641;;;
2017;1;-9.504242;0.73822916;;;
2017;1;-9.872894;1.7963308;;;
2017;1;-10.088226;1.5285867;;;
2017;1;-10.150726;1.2617368;;;
2017;1;-10.22641;1.713838;;;
2017;1;-10.299164;0.9272355;;;
2018;1;9.840729;2.0151143;;;
2018;1;9.575104;2.0353203;;;
2018;1;9.276764;2.2337441;;;
2018;1;8.816315;2.47711;;;
2018;1;8.553131;2.7025347;;;
2018;1;8.540436;2.5120382;;;
2018;1;8.142487;2.850831;;;
2018;1;7.420807;3.34698;;;
2018;1;7.007721;3.3456688;;;
2018;1;6.926178;3.1608348;;;
2018;1;6.2640686;3.219009;;;
2018;1;5.8959045;3.5979156;;;
2018;1;5.853424;3.585339;;;
2018;1;5.8104553;4.005969;;;
2018;1;5.7084045;3.6985283;;;
2018;1;5.100006;3.8815145;;;
2018;1;4.363678;3.9351587;;;
2018;1;3.86026;4.375816;;;
2018;1;2.809967;3.983975;;;
2018;1;2.5731506;4.990876;;;
2018;1;1.9588928;4.8872833;;;
2018;1;1.8998108;4.6011214;;;
2018;1;1.8187561;4.4296985;;;
2018;1;1.7850647;4.7182446;;;
2018;1;1.507721;4.6493416;;;
2018;1;-0.05819702;4.1964655;;;
2018;1;-0.27597046;3.9882665;;;
2018;1;-1.2701111;2.084673;;;
2018;1;-1.7276306;3.6694412;;;
2018;1;-1.7588806;5.518556;;;
2018;1;-2.4532166;2.559722;;;
2018;1;-2.5386658;5.4898267;;;
2018;1;-2.7662048;5.3157215;;;
2018;1;-2.8765564;5.0907736;;;
2018;1;-3.018158;3.1941538;;;
2018;1;-3.2149353;4.7616963;;;
2018;1;-3.3199158;4.1162972;;;
2018;1;-4.06015;2.4514203;;;
2018;1;-4.6509705;3.100038;;;
2018;1;-4.811615;5.1046615;;;
2018;1;-5.1265564;3.8101678;;;
2018;1;-5.1582947;4.988075;;;
2018;1;-5.165619;4.638851;;;
2018;1;-5.1895447;4.1782265;;;
2018;1;-6.2969666;2.6527052;;;
2018;1;-6.7461853;3.8157706;;;
2018;1;-6.766205;2.8899913;;;
2018;1;-6.9039;3.2000546;;;
2018;1;-7.0289;3.6098366;;;
2019;1;8.568024;4.187274;;;
2019;1;8.41861;4.829335;;;
2019;1;8.130524;5.020547;;;
2019;1;7.423004;5.08945;;;
2019;1;7.313629;5.892205;;;
2019;1;7.260895;5.8244944;;;
2019;1;6.912262;6.959367;;;
2019;1;6.115387;7.916379;;;
2019;1;5.764801;7.419038;;;
2019;1;5.188629;6.4119577;;;
2019;1;4.5348206;8.464265;;;
2019;1;4.3194885;8.80425;;;
2019;1;3.9874573;7.5573206;;;
2019;1;3.9254456;9.31232;;;
2019;1;3.622223;8.800197;;;
2019;1;3.3717346;8.927989;;;
2019;1;2.827301;9.362626;;;
2019;1;1.8380432;9.466338;;;
2019;1;0.73013306;8.45449;;;
2019;1;0.48355103;8.666444;;;
2019;1;0.28042603;9.417462;;;
2019;1;-0.40316772;10.164666;;;
2019;1;-0.53842163;10.066199;;;
2019;1;-0.8147888;9.596515;;;
2019;1;-1.1248474;9.917188;;;
2019;1;-1.4012146;8.075643;;;
2019;1;-2.375824;7.797408;;;
2019;1;-3.4534607;8.72581;;;
2019;1;-3.5403748;6.265092;;;
2019;1;-4.0745544;1.865315;;;
2019;1;-4.1263123;8.754659;;;
2019;1;-4.1473083;8.899379;;;
2019;1;-4.33432;9.002376;;;
2019;1;-4.354828;8.930135;;;
2019;1;-4.568207;7.3732615;;;
2019;1;-4.7781677;3.2438512;;;
2019;1;-5.313324;5.1280737;;;
2019;1;-5.7625427;7.4319124;;;
2019;1;-6.0608826;7.256198;;;
2019;1;-6.06723;7.2468996;;;
2019;1;-6.068695;7.3870897;;;
2019;1;-6.1165466;6.121087;;;
2019;1;-6.2513123;4.6085596;;;
2019;1;-6.3728943;2.8084989;;;
2019;1;-7.630707;5.493808;;;
2019;1;-7.674164;4.858184;;;
2019;1;-7.674652;4.128623;;;
2019;1;-7.69516;3.383326;;;
2019;1;-7.835785;5.3257227;;;
2020;1;8.024811;3.2664957;;;
2020;1;7.86026;3.294331;;;
2020;1;7.6234436;3.3640685;;;
2020;1;6.933014;3.5038414;;;
2020;1;6.854889;3.7575188;;;
2020;1;6.759186;3.5455647;;;
2020;1;6.480377;3.730637;;;
2020;1;5.702545;4.225773;;;
2020;1;5.365143;4.2754235;;;
2020;1;4.742584;3.9238157;;;
2020;1;4.1527405;4.665238;;;
2020;1;3.9466858;4.5697513;;;
2020;1;3.8817444;4.1557374;;;
2020;1;3.7728577;4.177374;;;
2020;1;3.6039124;4.3191137;;;
2020;1;3.1434631;3.9201202;;;
2020;1;2.4076233;4.8255744;;;
2020;1;1.4857483;4.9813213;;;
2020;1;0.5277405;4.0620985;;;
2020;1;0.26504517;4.8882785;;;
2020;1;-0.12850952;4.103464;;;
2020;1;-0.41757202;4.6415153;;;
2020;1;-0.6319275;5.0805035;;;
2020;1;-0.9263611;5.0302567;;;
2020;1;-0.97421265;5.2488866;;;
2020;1;-1.914154;3.7945929;;;
2020;1;-2.645111;4.1575255;;;
2020;1;-3.6412048;4.3976727;;;
2020;1;-3.945404;3.3161464;;;
2020;1;-4.648529;4.3724003;;;
2020;1;-5.0591736;4.34832;;;
2020;1;-5.203705;4.2475286;;;
2020;1;-5.280365;1.4618459;;;
2020;1;-5.316986;4.1522207;;;
2020;1;-5.521576;3.727478;;;
2020;1;-5.629486;2.09592;;;
2020;1;-5.8663025;2.9733005;;;
2020;1;-6.524994;4.0548267;;;
2020;1;-7.111908;3.9889636;;;
2020;1;-7.2120056;2.5781813;;;
2020;1;-7.2920837;3.7381473;;;
2020;1;-7.448822;3.1324449;;;
2020;1;-7.4561462;1.7726245;;;
2020;1;-7.4668884;3.3595982;;;
2020;1;-8.637299;3.1335177;;;
2020;1;-8.826263;2.0178976;;;
2020;1;-8.867767;2.306682;;;
2020;1;-8.916107;2.6458921;;;
2020;1;-9.029877;2.978963;;;
2021;1;9.25528;2.1243107;;;
2021;1;8.813873;2.5281918;;;
2021;1;8.489655;2.7076018;;;
2021;1;8.322174;2.6674283;;;
2021;1;7.871002;3.108741;;;
2021;1;7.833893;3.1012309;;;
2021;1;7.4042053;3.6598456;;;
2021;1;6.6947327;4.082323;;;
2021;1;6.3944397;3.6995423;;;
2021;1;6.3627014;3.819586;;;
2021;1;5.6532288;4.377247;;;
2021;1;5.1908264;4.945875;;;
2021;1;5.1576233;4.0882835;;;
2021;1;5.006256;4.8373947;;;
2021;1;4.8002014;5.3265104;;;
2021;1;3.920807;5.6222687;;;
2021;1;3.523346;4.725219;;;
2021;1;2.7723694;5.5515776;;;
2021;1;2.5238342;6.011368;;;
2021;1;1.7826233;6.479026;;;
2021;1;1.5794983;5.848528;;;
2021;1;1.3085022;6.6542635;;;
2021;1;1.1097717;6.862403;;;
2021;1;0.9725647;6.7774067;;;
2021;1;0.5174866;6.111623;;;
2021;1;-0.624115;6.4382563;;;
2021;1;-1.2115173;5.838276;;;
2021;1;-1.5118103;7.164837;;;
2021;1;-2.1724548;5.4075727;;;
2021;1;-2.3575134;1.1384499;;;
2021;1;-2.5855408;7.146598;;;
2021;1;-3.1387634;7.1959505;;;
2021;1;-3.4219666;7.3053846;;;
2021;1;-3.721283;2.482773;;;
2021;1;-3.8077087;4.3079863;;;
2021;1;-3.9639587;7.3233852;;;
2021;1;-3.9952087;6.189824;;;
2021;1;-4.4707947;1.9534838;;;
2021;1;-4.9898376;6.5307627;;;
2021;1;-5.3868103;3.6659253;;;
2021;1;-5.8384705;4.9339542;;;
2021;1;-5.8609314;6.340743;;;
2021;1;-5.9952087;2.48325;;;
2021;1;-6.1080017;6.0442696;;;
2021;1;-6.1924744;5.7758102;;;
2021;1;-6.544037;3.119589;;;
2021;1;-6.556244;4.6366463;;;
2021;1;-6.9082947;3.6592495;;;
2021;1;-7.0069275;4.234911;;;
2022;1;7.5934143;2.980993;;;
2022;1;7.3502502;3.495381;;;
2022;1;7.018219;3.8283327;;;
2022;1;6.4303284;3.4469821;;;
2022;1;6.1773987;4.011677;;;
2022;1;6.0626526;4.462288;;;
2022;1;5.818512;4.8203926;;;
2022;1;4.869293;5.394862;;;
2022;1;4.3990784;5.619214;;;
2022;1;3.861969;3.9285877;;;
2022;1;3.4083557;6.438301;;;
2022;1;3.002594;6.284521;;;
2022;1;2.9698792;4.461334;;;
2022;1;2.667633;5.79624;;;
2022;1;2.622223;5.3483706;;;
2022;1;2.0724182;5.913184;;;
2022;1;1.8605042;7.1533184;;;
2022;1;0.9420471;7.1187477;;;
2022;1;-0.17904663;6.0607653;;;
2022;1;-0.8670349;5.280779;;;
2022;1;-1.2391052;7.873104;;;
2022;1;-1.4305115;6.2938194;;;
2022;1;-1.700531;6.413148;;;
2022;1;-1.7405701;5.5419664;;;
2022;1;-2.0227966;5.8757524;;;
2022;1;-2.8597107;5.7135086;;;
2022;1;-3.0306091;6.1446886;;;
2022;1;-4.2513123;5.3745966;;;
2022;1;-4.7478943;4.742072;;;
2022;1;-5.0433044;5.441473;;;
2022;1;-5.4046326;6.000684;;;
2022;1;-5.4373474;5.7237606;;;
2022;1;-5.5418396;5.9533577;;;
2022;1;-5.739105;5.2532415;;;
2022;1;-5.9666443;1.279519;;;
2022;1;-6.3489685;2.2551277;;;
2022;1;-6.4197693;3.871844;;;
2022;1;-6.9427185;5.1582317;;;
2022;1;-7.290863;4.0325384;;;
2022;1;-7.3421326;4.6203594;;;
2022;1;-7.349945;5.096362;;;
2022;1;-7.408539;4.9024086;;;
2022;1;-7.487152;3.146694;;;
2022;1;-7.8230896;1.9240836;;;
2022;1;-8.810883;2.3353555;;;
2022;1;-8.894867;3.8180807;;;
2022;1;-8.955414;2.8158882;;;
2022;1;-9.141449;3.320501;;;
2022;1;-9.196136;3.6691883;;;
2023;1;9.208649;0.8786514;;;
2023;1;9.01944;1.1697009;;;
2023;1;8.667145;1.5909865;;;
2023;1;8.200592;0.8313253;;;
2023;1;8.013336;1.1183813;;;
2023;1;7.7689514;2.142866;;;
2023;1;7.683258;1.4665916;;;
2023;1;6.768463;2.0367696;;;
2023;1;6.340973;1.0156825;;;
2023;1;6.2184143;2.5161698;;;
2023;1;5.8316956;1.2662604;;;
2023;1;5.508209;1.5993907;;;
2023;1;5.1629944;1.8119409;;;
2023;1;5.104645;2.8718307;;;
2023;1;5.0160217;2.5533035;;;
2023;1;4.270172;2.2012784;;;
2023;1;3.5323792;3.0653074;;;
2023;1;3.0885315;1.5078976;;;
2023;1;2.9894104;3.0413463;;;
2023;1;2.545807;1.7072155;;;
2023;1;2.0184631;1.7856553;;;
2023;1;1.9015198;2.471228;;;
2023;1;1.8163147;1.9493296;;;
2023;1;1.2955627;2.109845;;;
2023;1;0.62319946;3.23828;;;
2023;1;-0.0887146;1.5695288;;;
2023;1;-0.8423767;2.003689;;;
2023;1;-1.1011658;1.5368655;;;
2023;1;-1.158783;2.495487;;;
2023;1;-1.8023376;1.4781549;;;
2023;1;-2.4847107;0.44538522;;;
2023;1;-2.5022888;1.51356;;;
2023;1;-2.6695251;1.6226366;;;
2023;1;-3.6409607;1.5179708;;;
2023;1;-3.6455994;0.6681278;;;
2023;1;-3.6643982;1.9289448;;;
2023;1;-4.2618103;1.7337992;;;
2023;1;-4.283783;0.49879098;;;
2023;1;-4.4876404;1.1798933;;;
2023;1;-4.778412;1.4900162;;;
2023;1;-5.1529236;1.3911321;;;
2023;1;-5.1958923;0.83841825;;;
2023;1;-5.5227966;1.2546375;;;
2023;1;-5.5606384;0.5917146;;;
2023;1;-5.716156;1.0935857;;;
2023;1;-5.989105;1.2235239;;;
2023;1;-5.995453;0.7519915;;;
2023;1;-6.4812927;0.94236875;;;
2023;1;-6.7154236;1.1199906;;;
2024;1;10.436432;2.7364426;;;
2024;1;10.266754;3.07905;;;
2024;1;10.042145;3.4552746;;;
2024;1;9.514557;4.026287;;;
2024;1;9.3697815;4.413479;;;
2024;1;9.343414;4.415863;;;
2024;1;9.12442;5.39624;;;
2024;1;8.445221;6.5981083;;;
2024;1;8.054352;5.883568;;;
2024;1;7.6026917;6.1083965;;;
2024;1;7.124176;7.244461;;;
2024;1;7.0050354;7.0761375;;;
2024;1;6.9093323;7.842415;;;
2024;1;6.801422;8.802526;;;
2024;1;6.798004;8.131855;;;
2024;1;6.1891174;8.989685;;;
2024;1;5.648102;8.839481;;;
2024;1;5.0191956;9.170168;;;
2024;1;4.0592346;9.181612;;;
2024;1;3.8436584;9.636038;;;
2024;1;3.2662659;11.151426;;;
2024;1;3.2574768;10.714167;;;
2024;1;3.2269592;10.444992;;;
2024;1;3.0555725;10.748022;;;
2024;1;2.8338928;10.6579;;;
2024;1;1.5614319;10.104292;;;
2024;1;1.2899475;9.312265;;;
2024;1;0.20303345;10.018223;;;
2024;1;0.002838135;1.9429854;;;
2024;1;-0.153656;8.508318;;;
2024;1;-0.42782593;9.827965;;;
2024;1;-0.61312866;9.878986;;;
2024;1;-0.77352905;10.094278;;;
2024;1;-1.1097107;10.548704;;;
2024;1;-1.2859802;3.8703613;;;
2024;1;-1.5638123;9.472244;;;
2024;1;-1.9788513;6.9657497;;;
2024;1;-2.464203;3.010624;;;
2024;1;-2.931244;8.914822;;;
2024;1;-3.1995544;5.4908924;;;
2024;1;-3.414154;8.555286;;;
2024;1;-3.4961853;7.0122414;;;
2024;1;-3.4983826;8.018129;;;
2024;1;-3.6211853;7.6667004;;;
2024;1;-4.4358826;3.590458;;;
2024;1;-4.8226013;6.8210297;;;
2024;1;-4.9996033;4.120224;;;
2024;1;-5.215912;4.9298935;;;
2024;1;-5.238861;6.002062;;;
